trial,best_iter,mae,r2,learning_rate,num_leaves,max_depth,min_child_samples,colsample_bytree,subsample,reg_alpha,reg_lambda,path_smooth,min_split_gain
41,20000,8.4712,0.5847,0.0088720732193607,36,8,31,0.7625320773970782,0.651221585473285,0.017122574757741166,0.0535570829477446,0.7727137010706538,0.22320628935153192
31,20000,8.474,0.5852,0.009208419528992939,38,9,34,0.7449938215249543,0.6602854271572478,0.0315793075670867,0.05607187112002421,0.5642535332540005,0.25554475514413766
22,19999,8.4797,0.5818,0.008761203347884433,31,10,22,0.7844953463799547,0.7121985860082597,0.011711785677498216,0.13639976812488036,0.9389552038754158,0.1972248821194833
23,20000,8.4816,0.5844,0.009247885462522561,39,9,22,0.8260968993108957,0.622461743766099,0.031229612268194904,0.03373019222960489,0.9243038967191513,0.19017867698651178
32,19999,8.4818,0.5846,0.009156958180628918,46,9,33,0.7499094076578878,0.6569155251046225,0.0244880746161791,0.054161393049389536,0.84750723801773,0.24157350188441792
35,20000,8.4829,0.5838,0.00870429477158436,37,8,32,0.748768091453861,0.6586778777699396,0.016622402909139838,0.06006547706018864,0.8120932754157217,0.22025325579611194
44,20000,8.4838,0.5843,0.007920172092806557,44,8,26,0.765488053683258,0.6241435697311964,0.018163132628427756,0.03204943026546437,0.702424806914206,0.2413135788660135
24,20000,8.4878,0.5843,0.009088574248960857,40,9,23,0.8451313782737541,0.6001048449218852,0.03877560570196172,0.010381585503095725,0.9569150773598001,0.19411293506011779
47,20000,8.4881,0.5857,0.007450701571444477,71,9,36,0.5973329060181136,0.6429788296638403,3.8446846115347966,0.4733609035788007,0.745917022188623,0.07655353115268498
17,20000,8.491,0.5804,0.006549741219905226,37,9,29,0.7752847229001597,0.8454741727079378,0.03231299914227476,0.1115095086043183,0.6453731704819493,0.2967591719414292
28,19999,8.493,0.5844,0.008856955700340716,53,10,20,0.7306196676492359,0.6975315142105808,0.052709705556945215,0.010969065282560633,1.002926491846619,0.25615692457320627
45,19999,8.4942,0.5834,0.009934069130039858,36,7,31,0.672364525736424,0.6831300334443338,0.04927872920489313,0.02134180999437891,0.879915853682538,0.2717898181427462
38,19936,8.4977,0.5839,0.014464612748230805,88,8,25,0.8120502797915625,0.6238252281473593,0.014927606482039736,0.2480265205834859,0.7245127003708351,0.22943852482401025
19,20000,8.4981,0.5798,0.006720772396701113,31,10,15,0.7910623695972563,0.7188748221447706,0.012658339145067091,0.08690617709680871,1.5222150966113084,0.29829598860328266
40,19999,8.4997,0.5834,0.010968992271185155,54,10,35,0.7199180324962877,0.6789020691944538,0.024681649667291906,0.6399619335557133,0.5718147045556644,0.10378526205793447
18,20000,8.5006,0.5805,0.006567492688730182,31,10,28,0.7861983638172064,0.7211422591005,0.010474199309389512,0.11278710507575737,0.8026522315293707,0.3092674104362614
6,20000,8.5015,0.5821,0.005607832349462856,57,9,38,0.6404672548436904,0.8170784332632994,0.02647114182821816,2.5502980701628926,0.14910128735954165,0.49344346830025865
33,19999,8.5039,0.5824,0.010498106467845941,46,9,33,0.6976095378393855,0.667340225128567,0.02244162071159794,0.054368884207860686,0.5577245200711258,0.2507548466683144
12,20000,8.5095,0.5805,0.005379306266431292,64,8,38,0.5079360291138241,0.8384514112945034,0.35563462924451217,3.175447269290314,0.4321817621750216,0.4960063678223891
21,20000,8.5096,0.5788,0.0064374775103368575,35,10,29,0.789038060613797,0.7488679248596787,0.011467275109981604,0.07271312289020014,1.4941751988218333,0.294991929621092
25,20000,8.5105,0.5827,0.009754442489284186,52,9,23,0.8417340034725125,0.601281307245121,0.14126931950172966,0.010022754678750226,0.9721269461980204,0.19163705835170053
26,20000,8.5114,0.5825,0.011467758388832096,42,9,23,0.9410305320583507,0.6378703808932071,0.05767982055878051,0.03408334553356802,0.9597167638002448,0.1359754306781105
16,20000,8.5119,0.5798,0.009588253119070307,58,8,29,0.5014498258578803,0.9727267280588002,0.7318192443921249,0.9139142994901399,0.27459366060860346,0.4428802048216555
20,20000,8.5123,0.5797,0.006740742307625094,41,10,15,0.9253085663206508,0.6811566860900125,0.04025532037241835,0.08133839010368846,1.7249617983611407,0.2828984940205117
10,20000,8.5126,0.58,0.005560315049642546,66,8,37,0.5110654375949044,0.8015551380710474,7.573772188483914,8.296361460947614,0.420495847155946,0.49618133273016835
8,20000,8.5134,0.5822,0.012033851836208809,91,6,19,0.6554911608578311,0.7300733288106989,1.5446089075047076,0.817847657433954,1.774425485152653,0.23610746258097465
48,20000,8.5183,0.5786,0.005969895046879871,34,9,40,0.737661849532536,0.739313938016986,0.014894593030425044,0.28757464287937723,0.298326277809452,0.2347954474256188
37,20000,8.5185,0.5796,0.012576335916534375,48,9,18,0.7573185175952525,0.6996334227716308,0.029623112488303675,0.12694037996527596,0.564394470963098,0.33634277974894095
46,20000,8.5185,0.5802,0.008613419260454235,49,8,18,0.865892884070014,0.713207732447435,0.027587287207226883,0.1340137630272024,1.3207454169226855,0.2102455646043009
0,20000,8.5246,0.5805,0.005481678532819869,123,9,54,0.5780093202212182,0.662397808134481,0.014936568554617643,3.9676050770529883,1.2022300234864176,0.35403628889802274
34,20000,8.5251,0.5795,0.007651652000744334,46,10,42,0.751836572462271,0.694207172385267,0.06189102767465861,0.18283582508097002,0.8213140288127488,0.1411832091429095
13,20000,8.5256,0.5768,0.004718820426899342,32,7,22,0.700477984841022,0.8435573762529524,0.3579160506157714,1.9234357845908685,0.43921678477038345,0.3911490584112442
27,20000,8.5284,0.5802,0.008259827187932509,75,8,34,0.8384209088446761,0.6419558622034369,0.02216635399167484,0.04033049822291499,1.248330164488485,0.19786961109484016
14,20000,8.5294,0.58,0.007321104910840367,64,10,60,0.5638797058769446,0.7539796407337818,0.8970158335891127,1.7112721976405467,0.25564864856528013,0.39051932206847995
2,20000,8.531,0.5756,0.00803134117264377,44,6,39,0.728034992108518,0.9140703845572055,0.039721107273819126,0.34890188454913873,1.184829137724085,0.023225206359998862
43,20000,8.5352,0.5717,0.009346780320613845,41,6,32,0.7199129654887009,0.9992062925899448,0.03823471007107535,0.05628879848958456,1.0705549707261721,0.16989839235762322
30,20000,8.5363,0.5804,0.011269236267279657,112,7,26,0.8277069731593024,0.6235508144716273,0.14692036748483053,0.17969982243767668,1.0840273593734184,0.17955010222366838
11,20000,8.5384,0.5782,0.005332027177446606,65,8,39,0.508989607013434,0.7865791524545793,9.394008801148024,9.926384821223353,0.4316720814257712,0.4862363636332606
42,20000,8.5409,0.5785,0.007294052534617947,35,9,43,0.8138287182865582,0.6551329514249963,0.010153545197233809,0.04253430603355665,1.9929638090390493,0.2108902428168255
1,20000,8.5411,0.5765,0.003101053071209221,125,9,29,0.5909124836035503,0.6733618039413735,0.08179499475211674,0.3752055855124282,0.8638900372842315,0.14561457009902096
15,20000,8.5417,0.5786,0.004551905129099208,78,7,45,0.6622786850153903,0.6083654265933616,0.18401469285836597,2.495261495555089,0.6559706429369243,0.33253056620303834
29,20000,8.5544,0.5779,0.01320099813708714,40,9,46,0.8900869078943,0.6399430692900809,0.01765288893611645,0.02384177142153245,1.2562024592322172,0.11061212501499185
36,19999,8.5692,0.578,0.010193399494231689,58,10,54,0.6961802179987904,0.6577110784026389,0.09167163440697648,0.02704154870738342,1.132025934405571,0.2661495288891653
39,20000,8.5736,0.5762,0.008286914958241222,119,9,50,0.8778419343825465,0.7491599565718774,0.08837587714979879,0.016364019805737373,0.8889242359599014,0.1560876612379542
7,20000,8.5852,0.5724,0.010396740026860469,50,5,68,0.8534286719238086,0.8916028672163949,2.059733535743719,0.016677615430197915,0.7169314570885452,0.05793452976256486
9,20000,8.5883,0.5716,0.003636755006057994,100,9,52,0.8854835899772805,0.7975182385457563,0.3699972431463809,0.19170041589170655,0.05083825348819038,0.053945713496652226
49,20000,8.5993,0.5659,0.003020666750230823,44,9,21,0.8053885576048622,0.7723516396266313,0.07300397148415876,0.04597907718209936,0.5065700560890092,0.12490521359169195
5,20000,8.618,0.57,0.014283407485879536,106,10,74,0.7989499894055425,0.9687496940092467,0.01842797040686454,0.03872118032174583,0.09045457782107613,0.16266516538163217
3,20000,8.6343,0.5702,0.007975848251366933,47,5,77,0.9828160165372797,0.9233589392465844,0.08200518402245831,0.019634341572933336,1.3684660530243138,0.22007624686980065
4,20000,8.693,0.5629,0.003651088165121634,79,5,75,0.6293899908000085,0.8650089137415928,0.08612579192594885,0.3632486956676606,1.0934205586865593,0.09242722776276352
